[
  {
    "name": "Tokyo",
    "slug": "tokyo-jp",
    "country_code": "JP",
    "lat": 35.6762,
    "lon": 139.6503,
    "population": 13960000
  },
  {
    "name": "New York",
    "slug": "new-york-us",
    "country_code": "US",
    "lat": 40.7128,
    "lon": -74.0060,
    "population": 8400000
  },
  {
    "name": "London",
    "slug": "london-gb",
    "country_code": "GB",
    "lat": 51.5074,
    "lon": -0.1278,
    "population": 8900000
  },
  {
    "name": "Paris",
    "slug": "paris-fr",
    "country_code": "FR",
    "lat": 48.8566,
    "lon": 2.3522,
    "population": 2161000
  },
  {
    "name": "Sydney",
    "slug": "sydney-au",
    "country_code": "AU",
    "lat": -33.8688,
    "lon": 151.2093,
    "population": 5312000
  },
  {
    "name": "Berlin",
    "slug": "berlin-de",
    "country_code": "DE",
    "lat": 52.5200,
    "lon": 13.4050,
    "population": 3669000
  },
  {
    "name": "Moscow",
    "slug": "moscow-ru",
    "country_code": "RU",
    "lat": 55.7558,
    "lon": 37.6176,
    "population": 12500000
  },
  {
    "name": "Cairo",
    "slug": "cairo-eg",
    "country_code": "EG",
    "lat": 30.0444,
    "lon": 31.2357,
    "population": 9900000
  },
  {
    "name": "São Paulo",
    "slug": "sao-paulo-br",
    "country_code": "BR",
    "lat": -23.5558,
    "lon": -46.6396,
    "population": 12300000
  },
  {
    "name": "Mumbai",
    "slug": "mumbai-in",
    "country_code": "IN",
    "lat": 19.0760,
    "lon": 72.8777,
    "population": 20400000
  },
  {
    "name": "Beijing",
    "slug": "beijing-cn",
    "country_code": "CN",
    "lat": 39.9042,
    "lon": 116.4074,
    "population": 21700000
  },
  {
    "name": "Lagos",
    "slug": "lagos-ng",
    "country_code": "NG",
    "lat": 6.5244,
    "lon": 3.3792,
    "population": 14800000
  },
  {
    "name": "Mexico City",
    "slug": "mexico-city-mx",
    "country_code": "MX",
    "lat": 19.4326,
    "lon": -99.1332,
    "population": 9200000
  },
  {
    "name": "Buenos Aires",
    "slug": "buenos-aires-ar",
    "country_code": "AR",
    "lat": -34.6118,
    "lon": -58.3960,
    "population": 3075000
  },
  {
    "name": "Istanbul",
    "slug": "istanbul-tr",
    "country_code": "TR",
    "lat": 41.0082,
    "lon": 28.9784,
    "population": 15500000
  },
  {
    "name": "Jakarta",
    "slug": "jakarta-id",
    "country_code": "ID",
    "lat": -6.2088,
    "lon": 106.8456,
    "population": 10600000
  },
  {
    "name": "Seoul",
    "slug": "seoul-kr",
    "country_code": "KR",
    "lat": 37.5665,
    "lon": 126.9780,
    "population": 9700000
  },
  {
    "name": "Bangkok",
    "slug": "bangkok-th",
    "country_code": "TH",
    "lat": 13.7563,
    "lon": 100.5018,
    "population": 10500000
  },
  {
    "name": "Rome",
    "slug": "rome-it",
    "country_code": "IT",
    "lat": 41.9028,
    "lon": 12.4964,
    "population": 2873000
  },
  {
    "name": "Vienna",
    "slug": "vienna-at",
    "country_code": "AT",
    "lat": 48.2082,
    "lon": 16.3738,
    "population": 1897000
  },
  {
    "name": "Los Angeles",
    "slug": "los-angeles-us",
    "country_code": "US",
    "lat": 34.0522,
    "lon": -118.2437,
    "population": 3971000
  },
  {
    "name": "Chicago",
    "slug": "chicago-us",
    "country_code": "US",
    "lat": 41.8781,
    "lon": -87.6298,
    "population": 2746000
  },
  {
    "name": "Houston",
    "slug": "houston-us",
    "country_code": "US",
    "lat": 29.7604,
    "lon": -95.3698,
    "population": 2320000
  },
  {
    "name": "Phoenix",
    "slug": "phoenix-us",
    "country_code": "US",
    "lat": 33.4484,
    "lon": -112.0740,
    "population": 1608000
  },
  {
    "name": "Philadelphia",
    "slug": "philadelphia-us",
    "country_code": "US",
    "lat": 39.9526,
    "lon": -75.1652,
    "population": 1584000
  },
  {
    "name": "San Francisco",
    "slug": "san-francisco-us",
    "country_code": "US",
    "lat": 37.7749,
    "lon": -122.4194,
    "population": 875000
  },
  {
    "name": "Toronto",
    "slug": "toronto-ca",
    "country_code": "CA",
    "lat": 43.6532,
    "lon": -79.3832,
    "population": 2930000
  },
  {
    "name": "Montreal",
    "slug": "montreal-ca",
    "country_code": "CA",
    "lat": 45.5017,
    "lon": -73.5673,
    "population": 1780000
  },
  {
    "name": "Vancouver",
    "slug": "vancouver-ca",
    "country_code": "CA",
    "lat": 49.2827,
    "lon": -123.1207,
    "population": 675000
  },
  {
    "name": "Madrid",
    "slug": "madrid-es",
    "country_code": "ES",
    "lat": 40.4168,
    "lon": -3.7038,
    "population": 3280000
  },
  {
    "name": "Barcelona",
    "slug": "barcelona-es",
    "country_code": "ES",
    "lat": 41.3851,
    "lon": 2.1734,
    "population": 1620000
  },
  {
    "name": "Munich",
    "slug": "munich-de",
    "country_code": "DE",
    "lat": 48.1351,
    "lon": 11.5820,
    "population": 1488000
  },
  {
    "name": "Hamburg",
    "slug": "hamburg-de",
    "country_code": "DE",
    "lat": 53.5511,
    "lon": 9.9937,
    "population": 1899000
  },
  {
    "name": "Cologne",
    "slug": "cologne-de",
    "country_code": "DE",
    "lat": 50.9375,
    "lon": 6.9603,
    "population": 1087000
  },
  {
    "name": "Frankfurt",
    "slug": "frankfurt-de",
    "country_code": "DE",
    "lat": 50.1109,
    "lon": 8.6821,
    "population": 753000
  },
  {
    "name": "Milan",
    "slug": "milan-it",
    "country_code": "IT",
    "lat": 45.4642,
    "lon": 9.1900,
    "population": 1366000
  },
  {
    "name": "Naples",
    "slug": "naples-it",
    "country_code": "IT",
    "lat": 40.8518,
    "lon": 14.2681,
    "population": 967000
  },
  {
    "name": "Turin",
    "slug": "turin-it",
    "country_code": "IT",
    "lat": 45.0703,
    "lon": 7.6869,
    "population": 870000
  },
  {
    "name": "Amsterdam",
    "slug": "amsterdam-nl",
    "country_code": "NL",
    "lat": 52.3676,
    "lon": 4.9041,
    "population": 872000
  },
  {
    "name": "Brussels",
    "slug": "brussels-be",
    "country_code": "BE",
    "lat": 50.8503,
    "lon": 4.3517,
    "population": 1200000
  },
  {
    "name": "Zurich",
    "slug": "zurich-ch",
    "country_code": "CH",
    "lat": 47.3769,
    "lon": 8.5417,
    "population": 415000
  },
  {
    "name": "Geneva",
    "slug": "geneva-ch",
    "country_code": "CH",
    "lat": 46.2044,
    "lon": 6.1432,
    "population": 201000
  },
  {
    "name": "Stockholm",
    "slug": "stockholm-se",
    "country_code": "SE",
    "lat": 59.3293,
    "lon": 18.0686,
    "population": 975000
  },
  {
    "name": "Oslo",
    "slug": "oslo-no",
    "country_code": "NO",
    "lat": 59.9139,
    "lon": 10.7522,
    "population": 695000
  },
  {
    "name": "Copenhagen",
    "slug": "copenhagen-dk",
    "country_code": "DK",
    "lat": 55.6761,
    "lon": 12.5683,
    "population": 660000
  },
  {
    "name": "Helsinki",
    "slug": "helsinki-fi",
    "country_code": "FI",
    "lat": 60.1699,
    "lon": 24.9384,
    "population": 656000
  },
  {
    "name": "Warsaw",
    "slug": "warsaw-pl",
    "country_code": "PL",
    "lat": 52.2297,
    "lon": 21.0122,
    "population": 1790000
  },
  {
    "name": "Prague",
    "slug": "prague-cz",
    "country_code": "CZ",
    "lat": 50.0755,
    "lon": 14.4378,
    "population": 1318000
  },
  {
    "name": "Budapest",
    "slug": "budapest-hu",
    "country_code": "HU",
    "lat": 47.4979,
    "lon": 19.0402,
    "population": 1752000
  },
  {
    "name": "Bucharest",
    "slug": "bucharest-ro",
    "country_code": "RO",
    "lat": 44.4268,
    "lon": 26.1025,
    "population": 1883000
  },
  {
    "name": "Athens",
    "slug": "athens-gr",
    "country_code": "GR",
    "lat": 37.9838,
    "lon": 23.7275,
    "population": 3154000
  },
  {
    "name": "Lisbon",
    "slug": "lisbon-pt",
    "country_code": "PT",
    "lat": 38.7223,
    "lon": -9.1393,
    "population": 547000
  },
  {
    "name": "Dublin",
    "slug": "dublin-ie",
    "country_code": "IE",
    "lat": 53.3498,
    "lon": -6.2603,
    "population": 555000
  },
  {
    "name": "Edinburgh",
    "slug": "edinburgh-gb",
    "country_code": "GB",
    "lat": 55.9533,
    "lon": -3.1883,
    "population": 518000
  },
  {
    "name": "Manchester",
    "slug": "manchester-gb",
    "country_code": "GB",
    "lat": 53.4808,
    "lon": -2.2426,
    "population": 547000
  },
  {
    "name": "Birmingham",
    "slug": "birmingham-gb",
    "country_code": "GB",
    "lat": 52.4862,
    "lon": -1.8904,
    "population": 1140000
  },
  {
    "name": "Saint Petersburg",
    "slug": "saint-petersburg-ru",
    "country_code": "RU",
    "lat": 59.9311,
    "lon": 30.3609,
    "population": 5384000
  },
  {
    "name": "Novosibirsk",
    "slug": "novosibirsk-ru",
    "country_code": "RU",
    "lat": 55.0084,
    "lon": 82.9357,
    "population": 1625000
  },
  {
    "name": "Yekaterinburg",
    "slug": "yekaterinburg-ru",
    "country_code": "RU",
    "lat": 56.8431,
    "lon": 60.6454,
    "population": 1495000
  },
  {
    "name": "Kiev",
    "slug": "kiev-ua",
    "country_code": "UA",
    "lat": 50.4501,
    "lon": 30.5234,
    "population": 2950000
  },
  {
    "name": "Delhi",
    "slug": "delhi-in",
    "country_code": "IN",
    "lat": 28.7041,
    "lon": 77.1025,
    "population": 32900000
  },
  {
    "name": "Kolkata",
    "slug": "kolkata-in",
    "country_code": "IN",
    "lat": 22.5726,
    "lon": 88.3639,
    "population": 14850000
  },
  {
    "name": "Chennai",
    "slug": "chennai-in",
    "country_code": "IN",
    "lat": 13.0827,
    "lon": 80.2707,
    "population": 11000000
  },
  {
    "name": "Bangalore",
    "slug": "bangalore-in",
    "country_code": "IN",
    "lat": 12.9716,
    "lon": 77.5946,
    "population": 12800000
  },
  {
    "name": "Hyderabad",
    "slug": "hyderabad-in",
    "country_code": "IN",
    "lat": 17.3850,
    "lon": 78.4867,
    "population": 10000000
  },
  {
    "name": "Pune",
    "slug": "pune-in",
    "country_code": "IN",
    "lat": 18.5204,
    "lon": 73.8567,
    "population": 7400000
  },
  {
    "name": "Shanghai",
    "slug": "shanghai-cn",
    "country_code": "CN",
    "lat": 31.2304,
    "lon": 121.4737,
    "population": 28500000
  },
  {
    "name": "Guangzhou",
    "slug": "guangzhou-cn",
    "country_code": "CN",
    "lat": 23.1291,
    "lon": 113.2644,
    "population": 18600000
  },
  {
    "name": "Shenzhen",
    "slug": "shenzhen-cn",
    "country_code": "CN",
    "lat": 22.5431,
    "lon": 114.0579,
    "population": 17500000
  },
  {
    "name": "Chongqing",
    "slug": "chongqing-cn",
    "country_code": "CN",
    "lat": 29.4316,
    "lon": 106.9123,
    "population": 32100000
  },
  {
    "name": "Tianjin",
    "slug": "tianjin-cn",
    "country_code": "CN",
    "lat": 39.3434,
    "lon": 117.3616,
    "population": 15600000
  },
  {
    "name": "Wuhan",
    "slug": "wuhan-cn",
    "country_code": "CN",
    "lat": 30.5928,
    "lon": 114.3055,
    "population": 12300000
  },
  {
    "name": "Xi'an",
    "slug": "xian-cn",
    "country_code": "CN",
    "lat": 34.3416,
    "lon": 108.9398,
    "population": 12900000
  },
  {
    "name": "Chengdu",
    "slug": "chengdu-cn",
    "country_code": "CN",
    "lat": 30.5728,
    "lon": 104.0668,
    "population": 20900000
  },
  {
    "name": "Osaka",
    "slug": "osaka-jp",
    "country_code": "JP",
    "lat": 34.6937,
    "lon": 135.5023,
    "population": 2700000
  },
  {
    "name": "Yokohama",
    "slug": "yokohama-jp",
    "country_code": "JP",
    "lat": 35.4438,
    "lon": 139.6380,
    "population": 3750000
  },
  {
    "name": "Nagoya",
    "slug": "nagoya-jp",
    "country_code": "JP",
    "lat": 35.1815,
    "lon": 136.9066,
    "population": 2320000
  },
  {
    "name": "Busan",
    "slug": "busan-kr",
    "country_code": "KR",
    "lat": 35.1796,
    "lon": 129.0756,
    "population": 3400000
  },
  {
    "name": "Manila",
    "slug": "manila-ph",
    "country_code": "PH",
    "lat": 14.5995,
    "lon": 120.9842,
    "population": 13900000
  },
  {
    "name": "Ho Chi Minh City",
    "slug": "ho-chi-minh-city-vn",
    "country_code": "VN",
    "lat": 10.8231,
    "lon": 106.6297,
    "population": 9000000
  },
  {
    "name": "Hanoi",
    "slug": "hanoi-vn",
    "country_code": "VN",
    "lat": 21.0285,
    "lon": 105.8542,
    "population": 8100000
  },
  {
    "name": "Kuala Lumpur",
    "slug": "kuala-lumpur-my",
    "country_code": "MY",
    "lat": 3.1390,
    "lon": 101.6869,
    "population": 8200000
  },
  {
    "name": "Singapore",
    "slug": "singapore-sg",
    "country_code": "SG",
    "lat": 1.3521,
    "lon": 103.8198,
    "population": 5900000
  },
  {
    "name": "Yangon",
    "slug": "yangon-mm",
    "country_code": "MM",
    "lat": 16.8661,
    "lon": 96.1951,
    "population": 5200000
  },
  {
    "name": "Dhaka",
    "slug": "dhaka-bd",
    "country_code": "BD",
    "lat": 23.8103,
    "lon": 90.4125,
    "population": 22000000
  },
  {
    "name": "Karachi",
    "slug": "karachi-pk",
    "country_code": "PK",
    "lat": 24.8607,
    "lon": 67.0011,
    "population": 16000000
  },
  {
    "name": "Lahore",
    "slug": "lahore-pk",
    "country_code": "PK",
    "lat": 31.5204,
    "lon": 74.3587,
    "population": 11100000
  },
  {
    "name": "Islamabad",
    "slug": "islamabad-pk",
    "country_code": "PK",
    "lat": 33.6844,
    "lon": 73.0479,
    "population": 1100000
  },
  {
    "name": "Kabul",
    "slug": "kabul-af",
    "country_code": "AF",
    "lat": 34.5553,
    "lon": 69.2075,
    "population": 4600000
  },
  {
    "name": "Tehran",
    "slug": "tehran-ir",
    "country_code": "IR",
    "lat": 35.6892,
    "lon": 51.3890,
    "population": 9100000
  },
  {
    "name": "Baghdad",
    "slug": "baghdad-iq",
    "country_code": "IQ",
    "lat": 33.3152,
    "lon": 44.3661,
    "population": 7200000
  },
  {
    "name": "Riyadh",
    "slug": "riyadh-sa",
    "country_code": "SA",
    "lat": 24.7136,
    "lon": 46.6753,
    "population": 7600000
  },
  {
    "name": "Dubai",
    "slug": "dubai-ae",
    "country_code": "AE",
    "lat": 25.2048,
    "lon": 55.2708,
    "population": 3400000
  },
  {
    "name": "Kuwait City",
    "slug": "kuwait-city-kw",
    "country_code": "KW",
    "lat": 29.3759,
    "lon": 47.9774,
    "population": 3100000
  },
  {
    "name": "Tel Aviv",
    "slug": "tel-aviv-il",
    "country_code": "IL",
    "lat": 32.0853,
    "lon": 34.7818,
    "population": 460000
  },
  {
    "name": "Jerusalem",
    "slug": "jerusalem-il",
    "country_code": "IL",
    "lat": 31.7683,
    "lon": 35.2137,
    "population": 920000
  },
  {
    "name": "Amman",
    "slug": "amman-jo",
    "country_code": "JO",
    "lat": 31.9454,
    "lon": 35.9284,
    "population": 4000000
  },
  {
    "name": "Beirut",
    "slug": "beirut-lb",
    "country_code": "LB",
    "lat": 33.8938,
    "lon": 35.5018,
    "population": 2400000
  },
  {
    "name": "Damascus",
    "slug": "damascus-sy",
    "country_code": "SY",
    "lat": 33.5138,
    "lon": 36.2765,
    "population": 2300000
  },
  {
    "name": "Ankara",
    "slug": "ankara-tr",
    "country_code": "TR",
    "lat": 39.9334,
    "lon": 32.8597,
    "population": 5600000
  },
  {
    "name": "Izmir",
    "slug": "izmir-tr",
    "country_code": "TR",
    "lat": 38.4192,
    "lon": 27.1287,
    "population": 4400000
  },
  {
    "name": "Alexandria",
    "slug": "alexandria-eg",
    "country_code": "EG",
    "lat": 31.2001,
    "lon": 29.9187,
    "population": 5200000
  },
  {
    "name": "Casablanca",
    "slug": "casablanca-ma",
    "country_code": "MA",
    "lat": 33.5731,
    "lon": -7.5898,
    "population": 3360000
  },
  {
    "name": "Rabat",
    "slug": "rabat-ma",
    "country_code": "MA",
    "lat": 34.0209,
    "lon": -6.8417,
    "population": 577000
  },
  {
    "name": "Tunis",
    "slug": "tunis-tn",
    "country_code": "TN",
    "lat": 36.8065,
    "lon": 10.1815,
    "population": 2330000
  },
  {
    "name": "Algiers",
    "slug": "algiers-dz",
    "country_code": "DZ",
    "lat": 36.7538,
    "lon": 3.0588,
    "population": 2990000
  },
  {
    "name": "Tripoli",
    "slug": "tripoli-ly",
    "country_code": "LY",
    "lat": 32.8872,
    "lon": 13.1913,
    "population": 1160000
  },
  {
    "name": "Khartoum",
    "slug": "khartoum-sd",
    "country_code": "SD",
    "lat": 15.5007,
    "lon": 32.5599,
    "population": 5900000
  },
  {
    "name": "Addis Ababa",
    "slug": "addis-ababa-et",
    "country_code": "ET",
    "lat": 9.1450,
    "lon": 38.7451,
    "population": 5200000
  },
  {
    "name": "Nairobi",
    "slug": "nairobi-ke",
    "country_code": "KE",
    "lat": -1.2921,
    "lon": 36.8219,
    "population": 4400000
  },
  {
    "name": "Kampala",
    "slug": "kampala-ug",
    "country_code": "UG",
    "lat": 0.3476,
    "lon": 32.5825,
    "population": 1650000
  },
  {
    "name": "Kigali",
    "slug": "kigali-rw",
    "country_code": "RW",
    "lat": -1.9441,
    "lon": 30.0619,
    "population": 1130000
  },
  {
    "name": "Dar es Salaam",
    "slug": "dar-es-salaam-tz",
    "country_code": "TZ",
    "lat": -6.7924,
    "lon": 39.2083,
    "population": 6700000
  },
  {
    "name": "Johannesburg",
    "slug": "johannesburg-za",
    "country_code": "ZA",
    "lat": -26.2041,
    "lon": 28.0473,
    "population": 5600000
  },
  {
    "name": "Cape Town",
    "slug": "cape-town-za",
    "country_code": "ZA",
    "lat": -33.9249,
    "lon": 18.4241,
    "population": 4620000
  },
  {
    "name": "Durban",
    "slug": "durban-za",
    "country_code": "ZA",
    "lat": -29.8587,
    "lon": 31.0218,
    "population": 3440000
  },
  {
    "name": "Accra",
    "slug": "accra-gh",
    "country_code": "GH",
    "lat": 5.6037,
    "lon": -0.1870,
    "population": 2290000
  },
  {
    "name": "Abuja",
    "slug": "abuja-ng",
    "country_code": "NG",
    "lat": 9.0765,
    "lon": 7.3986,
    "population": 3460000
  },
  {
    "name": "Kinshasa",
    "slug": "kinshasa-cd",
    "country_code": "CD",
    "lat": -4.4419,
    "lon": 15.2663,
    "population": 14300000
  },
  {
    "name": "Luanda",
    "slug": "luanda-ao",
    "country_code": "AO",
    "lat": -8.8390,
    "lon": 13.2894,
    "population": 8330000
  },
  {
    "name": "Rio de Janeiro",
    "slug": "rio-de-janeiro-br",
    "country_code": "BR",
    "lat": -22.9068,
    "lon": -43.1729,
    "population": 6750000
  },
  {
    "name": "Salvador",
    "slug": "salvador-br",
    "country_code": "BR",
    "lat": -12.9714,
    "lon": -38.5014,
    "population": 2900000
  },
  {
    "name": "Brasília",
    "slug": "brasilia-br",
    "country_code": "BR",
    "lat": -15.8267,
    "lon": -47.9218,
    "population": 3060000
  },
  {
    "name": "Fortaleza",
    "slug": "fortaleza-br",
    "country_code": "BR",
    "lat": -3.7172,
    "lon": -38.5434,
    "population": 2690000
  },
  {
    "name": "Belo Horizonte",
    "slug": "belo-horizonte-br",
    "country_code": "BR",
    "lat": -19.8157,
    "lon": -43.9542,
    "population": 2520000
  },
  {
    "name": "Manaus",
    "slug": "manaus-br",
    "country_code": "BR",
    "lat": -3.1190,
    "lon": -60.0217,
    "population": 2220000
  },
  {
    "name": "Recife",
    "slug": "recife-br",
    "country_code": "BR",
    "lat": -8.0476,
    "lon": -34.8770,
    "population": 1650000
  },
  {
    "name": "Porto Alegre",
    "slug": "porto-alegre-br",
    "country_code": "BR",
    "lat": -30.0346,
    "lon": -51.2177,
    "population": 1490000
  },
  {
    "name": "Lima",
    "slug": "lima-pe",
    "country_code": "PE",
    "lat": -12.0464,
    "lon": -77.0428,
    "population": 10750000
  },
  {
    "name": "Bogotá",
    "slug": "bogota-co",
    "country_code": "CO",
    "lat": 4.7110,
    "lon": -74.0721,
    "population": 11300000
  },
  {
    "name": "Medellín",
    "slug": "medellin-co",
    "country_code": "CO",
    "lat": 6.2442,
    "lon": -75.5812,
    "population": 2570000
  },
  {
    "name": "Caracas",
    "slug": "caracas-ve",
    "country_code": "VE",
    "lat": 10.4806,
    "lon": -66.9036,
    "population": 2940000
  },
  {
    "name": "Quito",
    "slug": "quito-ec",
    "country_code": "EC",
    "lat": -0.1807,
    "lon": -78.4678,
    "population": 2780000
  },
  {
    "name": "La Paz",
    "slug": "la-paz-bo",
    "country_code": "BO",
    "lat": -16.5000,
    "lon": -68.1500,
    "population": 835000
  },
  {
    "name": "Montevideo",
    "slug": "montevideo-uy",
    "country_code": "UY",
    "lat": -34.9011,
    "lon": -56.1645,
    "population": 1740000
  },
  {
    "name": "Santiago",
    "slug": "santiago-cl",
    "country_code": "CL",
    "lat": -33.4489,
    "lon": -70.6693,
    "population": 6680000
  },
  {
    "name": "Guadalajara",
    "slug": "guadalajara-mx",
    "country_code": "MX",
    "lat": 20.6597,
    "lon": -103.3496,
    "population": 5030000
  },
  {
    "name": "Monterrey",
    "slug": "monterrey-mx",
    "country_code": "MX",
    "lat": 25.6866,
    "lon": -100.3161,
    "population": 4690000
  },
  {
    "name": "Tijuana",
    "slug": "tijuana-mx",
    "country_code": "MX",
    "lat": 32.5149,
    "lon": -117.0382,
    "population": 1810000
  },
  {
    "name": "Havana",
    "slug": "havana-cu",
    "country_code": "CU",
    "lat": 23.1136,
    "lon": -82.3666,
    "population": 2130000
  },
  {
    "name": "Santo Domingo",
    "slug": "santo-domingo-do",
    "country_code": "DO",
    "lat": 18.4861,
    "lon": -69.9312,
    "population": 3340000
  },
  {
    "name": "Port-au-Prince",
    "slug": "port-au-prince-ht",
    "country_code": "HT",
    "lat": 18.5944,
    "lon": -72.3074,
    "population": 2840000
  },
  {
    "name": "Kingston",
    "slug": "kingston-jm",
    "country_code": "JM",
    "lat": 17.9970,
    "lon": -76.7936,
    "population": 595000
  },
  {
    "name": "San José",
    "slug": "san-jose-cr",
    "country_code": "CR",
    "lat": 9.9281,
    "lon": -84.0907,
    "population": 340000
  },
  {
    "name": "Panama City",
    "slug": "panama-city-pa",
    "country_code": "PA",
    "lat": 8.9824,
    "lon": -79.5199,
    "population": 880000
  },
  {
    "name": "Guatemala City",
    "slug": "guatemala-city-gt",
    "country_code": "GT",
    "lat": 14.6349,
    "lon": -90.5069,
    "population": 2920000
  },
  {
    "name": "Melbourne",
    "slug": "melbourne-au",
    "country_code": "AU",
    "lat": -37.8136,
    "lon": 144.9631,
    "population": 5160000
  },
  {
    "name": "Brisbane",
    "slug": "brisbane-au",
    "country_code": "AU",
    "lat": -27.4705,
    "lon": 153.0260,
    "population": 2560000
  },
  {
    "name": "Perth",
    "slug": "perth-au",
    "country_code": "AU",
    "lat": -31.9505,
    "lon": 115.8605,
    "population": 2130000
  },
  {
    "name": "Adelaide",
    "slug": "adelaide-au",
    "country_code": "AU",
    "lat": -34.9285,
    "lon": 138.6007,
    "population": 1380000
  },
  {
    "name": "Auckland",
    "slug": "auckland-nz",
    "country_code": "NZ",
    "lat": -36.8485,
    "lon": 174.7633,
    "population": 1720000
  },
  {
    "name": "Wellington",
    "slug": "wellington-nz",
    "country_code": "NZ",
    "lat": -41.2865,
    "lon": 174.7762,
    "population": 420000
  },
  {
    "name": "Suva",
    "slug": "suva-fj",
    "country_code": "FJ",
    "lat": -18.1248,
    "lon": 178.4501,
    "population": 178000
  },
  {
    "name": "Port Moresby",
    "slug": "port-moresby-pg",
    "country_code": "PG",
    "lat": -9.4438,
    "lon": 147.1803,
    "population": 364000
  },
  {
    "name": "Honolulu",
    "slug": "honolulu-us",
    "country_code": "US",
    "lat": 21.3099,
    "lon": -157.8581,
    "population": 350000
  },
  {
    "name": "Anchorage",
    "slug": "anchorage-us",
    "country_code": "US",
    "lat": 61.2181,
    "lon": -149.9003,
    "population": 291000
  },
  {
    "name": "Fairbanks",
    "slug": "fairbanks-us",
    "country_code": "US",
    "lat": 64.8378,
    "lon": -147.7164,
    "population": 32000
  },
  {
    "name": "Reykjavik",
    "slug": "reykjavik-is",
    "country_code": "IS",
    "lat": 64.1466,
    "lon": -21.9426,
    "population": 131000
  }
]